championName,bestDuo1,bestDuo2,bestDuo3,bestDuo4,bestDuo5,bestDuo6
Rengar,"['Dr. Mundo', '57.1%', 'Top']","['Xerath', '56.5%', 'Mid']","['Annie', '56.5%', 'Mid']","['Anivia', '56.3%', 'Mid']","['Rumble', '55.6%', 'Top']","['Swain', '55.3%', 'Mid']"
Wukong,"['Tahm Kench', '53.4%', 'Top']","['Illaoi', '53.0%', 'Top']","['Azir', '52.6%', 'Mid']","['Pantheon', '52.1%', 'Top']","['Kassadin', '51.8%', 'Mid']","['Veigar', '51.5%', 'Mid']"
Shyvana,"['Tahm Kench', '56.2%', 'Top']","['Talon', '54.8%', 'Mid']","['Sylas', '54.1%', 'Mid']","['Qiyana', '53.6%', 'Mid']","['Riven', '53.5%', 'Top']","['Vex', '53.3%', 'Mid']"
Vex,"['Xin Zhao', '60.2%', 'Jungle']","['Master Yi', '57.8%', 'Jungle']","['Rammus', '57.5%', 'Jungle']","['Kindred', '56.0%', 'Jungle']","['Maokai', '55.8%', 'Jungle']","[""Kha'Zix"", '55.7%', 'Jungle']"
Kalista,"['Blitzcrank', '53.6%', 'Support']","['Janna', '53.5%', 'Support']","['Taric', '52.7%', 'Support']","['Sona', '52.6%', 'Support']","['Lux', '52.4%', 'Support']","['Thresh', '52.3%', 'Support']"
Jayce,"['Trundle', '54.1%', 'Jungle']","['Rengar', '53.4%', 'Jungle']","['Rell', '53.4%', 'Jungle']","['Rammus', '52.7%', 'Jungle']","['Kindred', '51.5%', 'Jungle']","[""Bel'Veth"", '51.3%', 'Jungle']"
Ezreal,"['LeBlanc', '56.5%', 'Support']","['Fiddlesticks', '55.5%', 'Support']","['Poppy', '55.0%', 'Support']","['Vex', '54.9%', 'Support']","['Sylas', '54.8%', 'Support']","['Zyra', '54.2%', 'Support']"
Rell,"['Ziggs', '60.8%', 'Bot']","['Twitch', '55.1%', 'Bot']","['Nilah', '53.8%', 'Bot']","['Varus', '52.8%', 'Bot']","['Lucian', '52.2%', 'Bot']","['Draven', '52.0%', 'Bot']"
Kled,"['Rammus', '56.7%', 'Jungle']","['Gragas', '56.1%', 'Jungle']","['Fiddlesticks', '56.0%', 'Jungle']","['Brand', '55.2%', 'Jungle']","['Lillia', '54.8%', 'Jungle']","['Graves', '54.7%', 'Jungle']"
Gragas,"['Tristana', '57.8%', 'Mid']","['Naafiri', '57.1%', 'Mid']","['Kayle', '56.0%', 'Top']","['Vayne', '55.8%', 'Top']","['Fizz', '55.6%', 'Mid']","['Kassadin', '54.8%', 'Mid']"
Xerath,"['Jhin', '54.2%', 'Bot']","[""Kog'Maw"", '54.1%', 'Bot']","['Vayne', '53.6%', 'Bot']","['Ashe', '52.9%', 'Bot']","['Ezreal', '52.7%', 'Bot']","['Caitlyn', '52.3%', 'Bot']"
Olaf,"['Taliyah', '60.9%', 'Jungle']","['Ivern', '57.0%', 'Jungle']","['Karthus', '56.6%', 'Jungle']","['Rammus', '55.8%', 'Jungle']","['Fiddlesticks', '55.6%', 'Jungle']","['Zac', '54.7%', 'Jungle']"
Veigar,"['Rammus', '57.0%', 'Jungle']","['Xin Zhao', '56.1%', 'Jungle']","['Warwick', '54.7%', 'Jungle']","[""Kha'Zix"", '54.6%', 'Jungle']","['Talon', '54.5%', 'Jungle']","['Nocturne', '54.3%', 'Jungle']"
Syndra,"['Rengar', '54.9%', 'Jungle']","['Trundle', '54.9%', 'Jungle']","['Rammus', '54.6%', 'Jungle']","['Master Yi', '54.3%', 'Jungle']","['Briar', '54.1%', 'Jungle']","[""Kha'Zix"", '53.9%', 'Jungle']"
Ornn,"['Trundle', '56.8%', 'Jungle']","['Xin Zhao', '56.6%', 'Jungle']","['Briar', '56.1%', 'Jungle']","['Talon', '56.0%', 'Jungle']","['Warwick', '55.5%', 'Jungle']","[""Bel'Veth"", '55.4%', 'Jungle']"
Jarvan IV,"['Cassiopeia', '55.1%', 'Mid']","['Kayle', '54.0%', 'Top']","['Rengar', '53.7%', 'Top']","['Vayne', '53.6%', 'Top']","['Rumble', '53.6%', 'Mid']","['Neeko', '53.4%', 'Mid']"
Gwen,"['Ivern', '54.3%', 'Jungle']","[""Rek'Sai"", '54.1%', 'Jungle']","['Talon', '53.2%', 'Jungle']","['Maokai', '53.0%', 'Jungle']","['Fiddlesticks', '52.6%', 'Jungle']","['Hecarim', '52.1%', 'Jungle']"
Lux,"['Yasuo', '55.6%', 'Bot']","['Veigar', '55.1%', 'Bot']","['Swain', '54.7%', 'Bot']","['Kalista', '53.5%', 'Bot']","['Ashe', '52.3%', 'Bot']","['Jhin', '52.2%', 'Bot']"
Vayne,"['Taric', '56.4%', 'Support']","['Zyra', '55.6%', 'Support']","['Poppy', '55.5%', 'Support']","['Soraka', '55.4%', 'Support']","['Sona', '55.4%', 'Support']","['Milio', '55.0%', 'Support']"
Ivern,"['Talon', '62.9%', 'Mid']","['Rengar', '60.1%', 'Top']","['Kled', '59.5%', 'Top']","['Fizz', '57.9%', 'Mid']","['Olaf', '57.7%', 'Top']","['Galio', '57.7%', 'Mid']"
Seraphine,"['Nilah', '53.9%', 'Bot']","['Ashe', '52.9%', 'Bot']","['Vayne', '52.3%', 'Bot']","['Ziggs', '51.4%', 'Bot']","['Samira', '51.3%', 'Bot']","['Twitch', '51.2%', 'Bot']"
Shen,"['Rammus', '57.5%', 'Jungle']","['Kindred', '55.6%', 'Jungle']","['Xin Zhao', '54.5%', 'Jungle']","['Warwick', '54.5%', 'Jungle']","['Evelynn', '54.5%', 'Jungle']","['Master Yi', '54.4%', 'Jungle']"
Yone,"['Rumble', '52.8%', 'Jungle']","['Rammus', '52.4%', 'Jungle']","['Gwen', '52.3%', 'Jungle']","['Morgana', '51.8%', 'Jungle']","['Fiddlesticks', '51.6%', 'Jungle']","['Zac', '51.4%', 'Jungle']"
Master Yi,"['Zac', '62.2%', 'Top']","[""Cho'Gath"", '57.9%', 'Mid']","['Swain', '57.7%', 'Mid']","['Udyr', '57.0%', 'Top']","['Vex', '56.9%', 'Mid']","['Varus', '56.8%', 'Top']"
Nocturne,"['Kennen', '60.3%', 'Mid']","['Udyr', '59.1%', 'Top']","['Gangplank', '58.1%', 'Mid']","['Anivia', '58.0%', 'Mid']","['Poppy', '57.1%', 'Top']","['Quinn', '57.0%', 'Top']"
Zyra,"['Vayne', '56.0%', 'Bot']","['Jhin', '55.2%', 'Bot']","['Seraphine', '55.2%', 'Bot']","['Tristana', '54.6%', 'Bot']","['Ezreal', '54.1%', 'Bot']","['Sivir', '53.7%', 'Bot']"
Maokai,"['Akshan', '58.5%', 'Mid']","['Aurelion Sol', '57.7%', 'Mid']","['Kassadin', '57.4%', 'Mid']","['Urgot', '57.4%', 'Top']","['Singed', '56.7%', 'Top']","['Taliyah', '56.1%', 'Mid']"
Xin Zhao,"['Vex', '61.3%', 'Mid']","['Shen', '57.4%', 'Top']","['Katarina', '56.5%', 'Mid']","['Akshan', '56.3%', 'Mid']","['Singed', '56.0%', 'Top']","['Neeko', '55.7%', 'Mid']"
Twisted Fate,"[""Rek'Sai"", '57.3%', 'Jungle']","['Taliyah', '55.0%', 'Jungle']","['Xin Zhao', '54.8%', 'Jungle']","['Talon', '54.3%', 'Jungle']","['Kindred', '54.2%', 'Jungle']","['Brand', '54.1%', 'Jungle']"
Akali,"['Fiddlesticks', '54.1%', 'Jungle']","['Ivern', '53.1%', 'Jungle']","['Nocturne', '52.9%', 'Jungle']","['Rammus', '52.8%', 'Jungle']","['Gragas', '52.5%', 'Jungle']","['Trundle', '52.5%', 'Jungle']"
Ziggs,"['Rell', '62.0%', 'Support']","['Zilean', '59.0%', 'Support']","['Soraka', '57.4%', 'Support']","['Bard', '55.8%', 'Support']","['Twitch', '55.7%', 'Support']","['Rakan', '55.1%', 'Support']"
Sylas,"['Ivern', '57.2%', 'Jungle']","['Taliyah', '56.5%', 'Jungle']","['Skarner', '56.2%', 'Jungle']","['Gwen', '55.6%', 'Jungle']","[""Rek'Sai"", '55.3%', 'Jungle']","['Volibear', '55.2%', 'Jungle']"
Taliyah,"['Olaf', '58.1%', 'Top']","['Akshan', '57.9%', 'Mid']","['Kassadin', '57.8%', 'Mid']","['Aatrox', '57.4%', 'Mid']","['Renekton', '56.5%', 'Mid']","['Quinn', '56.4%', 'Top']"
Lulu,"['Twitch', '51.9%', 'Bot']","['Nilah', '51.8%', 'Bot']","['Sivir', '51.1%', 'Bot']","['Tristana', '51.0%', 'Bot']","['Ashe', '50.9%', 'Bot']","[""Kog'Maw"", '50.9%', 'Bot']"
Riven,"['Fiddlesticks', '55.8%', 'Jungle']","[""Rek'Sai"", '55.5%', 'Jungle']","['Rammus', '55.2%', 'Jungle']","['Rumble', '55.2%', 'Jungle']","['Taliyah', '55.0%', 'Jungle']","['Nunu & Willump', '54.8%', 'Jungle']"
Poppy,"['Fizz', '56.1%', 'Mid']","['Neeko', '55.7%', 'Mid']","['Aurelion Sol', '55.2%', 'Mid']","['Annie', '54.4%', 'Mid']","['Olaf', '54.3%', 'Top']","['Illaoi', '53.9%', 'Top']"
Karma,"['Seraphine', '52.4%', 'Bot']","['Sivir', '51.0%', 'Bot']","['Vayne', '50.9%', 'Bot']","['Ashe', '50.8%', 'Bot']","['Ezreal', '50.1%', 'Bot']","[""Kog'Maw"", '50.0%', 'Bot']"
Dr. Mundo,"['Rengar', '57.5%', 'Jungle']","['Rammus', '56.8%', 'Jungle']","['Fiddlesticks', '55.6%', 'Jungle']","['Ivern', '55.5%', 'Jungle']","['Evelynn', '55.4%', 'Jungle']","['Shaco', '55.4%', 'Jungle']"
Mordekaiser,"[""Rek'Sai"", '54.2%', 'Jungle']","['Kindred', '53.8%', 'Jungle']","['Rammus', '53.8%', 'Jungle']","['Trundle', '53.3%', 'Jungle']","['Fiddlesticks', '53.1%', 'Jungle']","['Xin Zhao', '53.1%', 'Jungle']"
Shaco,"['Swain', '60.1%', 'Mid']","['Malphite', '58.6%', 'Mid']","['Akshan', '58.0%', 'Mid']","['Nasus', '56.8%', 'Top']","['Taliyah', '56.2%', 'Mid']","['Ziggs', '55.9%', 'Mid']"
Akshan,"['Fiddlesticks', '59.0%', 'Jungle']","['Taliyah', '58.6%', 'Jungle']","['Shaco', '58.5%', 'Jungle']","['Karthus', '58.4%', 'Jungle']","['Nunu & Willump', '57.9%', 'Jungle']","['Elise', '57.4%', 'Jungle']"
Nidalee,"['Tristana', '57.0%', 'Mid']","['Diana', '56.7%', 'Mid']","['Galio', '56.6%', 'Mid']","['Rengar', '56.0%', 'Top']","['Qiyana', '55.9%', 'Mid']","['Annie', '55.6%', 'Mid']"
Draven,"['Sona', '56.0%', 'Support']","['Zac', '55.0%', 'Support']","['Maokai', '54.7%', 'Support']","['Janna', '54.2%', 'Support']","['Taric', '53.4%', 'Support']","['Blitzcrank', '53.3%', 'Support']"
Azir,"['Fiddlesticks', '54.1%', 'Jungle']","['Taliyah', '51.8%', 'Jungle']","['Wukong', '51.4%', 'Jungle']","['Nocturne', '50.8%', 'Jungle']","['Rengar', '50.4%', 'Jungle']","['Ivern', '50.4%', 'Jungle']"
Zoe,"['Evelynn', '59.0%', 'Jungle']","[""Bel'Veth"", '55.4%', 'Jungle']","['Taliyah', '55.3%', 'Jungle']","['Talon', '54.6%', 'Jungle']","['Graves', '54.5%', 'Jungle']","['Kindred', '54.5%', 'Jungle']"
Diana,"['Fiora', '55.9%', 'Top']","['Galio', '55.0%', 'Mid']","['Kennen', '54.8%', 'Top']","['Neeko', '54.1%', 'Mid']","['Irelia', '54.0%', 'Mid']","['Vayne', '53.7%', 'Top']"
Nami,"['Seraphine', '57.1%', 'Bot']","['Brand', '57.0%', 'Bot']","['Twitch', '56.7%', 'Bot']","['Vayne', '53.8%', 'Bot']","['Samira', '53.2%', 'Bot']","['Ashe', '52.5%', 'Bot']"
Katarina,"['Ivern', '57.1%', 'Jungle']","['Fiddlesticks', '55.0%', 'Jungle']","['Talon', '54.9%', 'Jungle']","['Zac', '54.8%', 'Jungle']","['Rammus', '54.3%', 'Jungle']","['Xin Zhao', '54.1%', 'Jungle']"
Twitch,"['Heimerdinger', '57.1%', 'Support']","['Braum', '57.1%', 'Support']","['Zilean', '56.4%', 'Support']","['Sylas', '55.5%', 'Support']","['Nami', '55.2%', 'Support']","['Rakan', '54.9%', 'Support']"
Qiyana,"['Udyr', '61.5%', 'Jungle']","['Fiddlesticks', '56.2%', 'Jungle']","['Brand', '55.9%', 'Jungle']","['Nidalee', '55.9%', 'Jungle']","['Taliyah', '55.6%', 'Jungle']","['Briar', '54.5%', 'Jungle']"
Renekton,"['Rammus', '52.5%', 'Jungle']","['Kindred', '52.3%', 'Jungle']","['Taliyah', '51.8%', 'Jungle']","['Nocturne', '51.7%', 'Jungle']","['Evelynn', '51.6%', 'Jungle']","['Hecarim', '51.6%', 'Jungle']"
Bel'Veth,"['Sylas', '58.0%', 'Top']","['Pantheon', '57.7%', 'Mid']","['Cassiopeia', '56.5%', 'Mid']","['Anivia', '55.5%', 'Mid']","['Irelia', '55.1%', 'Top']","['Akshan', '54.8%', 'Mid']"
Aphelios,"['Maokai', '53.0%', 'Support']","['Sona', '52.6%', 'Support']","['Taric', '51.7%', 'Support']","[""Vel'Koz"", '51.1%', 'Support']","['Alistar', '50.3%', 'Support']","['Blitzcrank', '49.9%', 'Support']"
Lucian,"['Taric', '56.8%', 'Support']","['Zac', '55.6%', 'Support']","['Fiddlesticks', '55.2%', 'Support']","['Yuumi', '54.7%', 'Support']","['Rakan', '54.6%', 'Support']","['Blitzcrank', '54.3%', 'Support']"
Viego,"['Neeko', '55.1%', 'Mid']","['Akshan', '55.1%', 'Mid']","['Veigar', '54.7%', 'Mid']","['Singed', '54.5%', 'Top']","['Swain', '54.3%', 'Mid']","['Gragas', '53.8%', 'Mid']"
Cassiopeia,"['Rammus', '61.5%', 'Jungle']","['Nunu & Willump', '61.4%', 'Jungle']","['Shaco', '56.8%', 'Jungle']","[""Bel'Veth"", '56.3%', 'Jungle']","['Zac', '55.0%', 'Jungle']","['Taliyah', '55.0%', 'Jungle']"
Singed,"['Karthus', '60.0%', 'Jungle']","['Kindred', '58.4%', 'Jungle']","['Fiddlesticks', '58.3%', 'Jungle']","['Ivern', '57.5%', 'Jungle']","['Maokai', '56.8%', 'Jungle']","['Nocturne', '56.8%', 'Jungle']"
Fizz,"['Ivern', '57.5%', 'Jungle']","['Udyr', '56.3%', 'Jungle']","['Kindred', '56.2%', 'Jungle']","['Trundle', '56.0%', 'Jungle']","['Evelynn', '55.9%', 'Jungle']","['Jax', '55.9%', 'Jungle']"
Vladimir,"['Fiddlesticks', '56.8%', 'Jungle']","['Rammus', '56.0%', 'Jungle']","['Shaco', '54.7%', 'Jungle']","['Sejuani', '54.4%', 'Jungle']","['Master Yi', '53.9%', 'Jungle']","['Taliyah', '53.9%', 'Jungle']"
Kog'Maw,"['Braum', '57.6%', 'Support']","['Renata Glasc', '56.2%', 'Support']","['Senna', '55.8%', 'Support']","['Rakan', '55.1%', 'Support']","['Bard', '54.9%', 'Support']","['Leona', '53.9%', 'Support']"
Sett,"['Trundle', '56.8%', 'Jungle']","['Rammus', '56.7%', 'Jungle']","['Amumu', '56.7%', 'Jungle']","['Kindred', '55.1%', 'Jungle']","['Ivern', '53.0%', 'Jungle']","['Evelynn', '52.7%', 'Jungle']"
Sona,"['Nilah', '58.6%', 'Bot']","['Draven', '58.3%', 'Bot']","['Seraphine', '57.3%', 'Bot']","['Kalista', '55.3%', 'Bot']","['Ashe', '55.3%', 'Bot']","['Vayne', '55.3%', 'Bot']"
Kayn,"['Kayle', '61.6%', 'Mid']","['Garen', '57.8%', 'Mid']","['Brand', '57.6%', 'Mid']","['Annie', '55.9%', 'Mid']","['Akshan', '55.1%', 'Top']","['Swain', '55.0%', 'Top']"
Sion,"['Briar', '52.4%', 'Jungle']","['Evelynn', '51.9%', 'Jungle']","['Udyr', '51.1%', 'Jungle']","[""Kha'Zix"", '50.9%', 'Jungle']","['Master Yi', '50.4%', 'Jungle']","['Rengar', '50.3%', 'Jungle']"
Senna,"['Sett', '61.2%', 'Bot']","['Brand', '59.9%', 'Bot']","['Heimerdinger', '58.4%', 'Bot']","['Swain', '57.9%', 'Bot']","['Lux', '57.0%', 'Bot']","['Karthus', '56.6%', 'Bot']"
Fiddlesticks,"['Singed', '59.5%', 'Top']","['Warwick', '58.9%', 'Top']","['Akshan', '58.7%', 'Mid']","['Kled', '58.6%', 'Top']","['Vladimir', '57.4%', 'Mid']","['Urgot', '57.3%', 'Top']"
Galio,"['Nidalee', '57.1%', 'Jungle']","[""Rek'Sai"", '56.4%', 'Jungle']","['Ivern', '55.8%', 'Jungle']","['Kindred', '55.4%', 'Jungle']","['Hecarim', '55.1%', 'Jungle']","[""Kha'Zix"", '54.8%', 'Jungle']"
Yasuo,"['Evelynn', '54.3%', 'Jungle']","['Fiddlesticks', '53.1%', 'Jungle']","['Ivern', '52.9%', 'Jungle']","[""Rek'Sai"", '52.9%', 'Jungle']","['Rumble', '52.7%', 'Jungle']","['Sylas', '52.3%', 'Jungle']"
Elise,"['Akshan', '56.5%', 'Mid']","['Riven', '54.9%', 'Top']","['Irelia', '54.9%', 'Mid']","['Volibear', '54.6%', 'Top']","['Fiora', '54.1%', 'Top']","['Gnar', '53.4%', 'Top']"
Teemo,"['Xin Zhao', '53.4%', 'Jungle']","['Kayn', '52.8%', 'Jungle']","['Vi', '52.8%', 'Jungle']","['Graves', '52.7%', 'Jungle']","[""Kha'Zix"", '52.3%', 'Jungle']","['Warwick', '52.1%', 'Jungle']"
Sejuani,"['Quinn', '59.4%', 'Top']","['Xerath', '55.3%', 'Mid']","['Fizz', '54.7%', 'Mid']","['Akshan', '53.6%', 'Mid']","['Diana', '53.6%', 'Mid']","['Vladimir', '53.6%', 'Mid']"
Naafiri,"['Gragas', '58.2%', 'Jungle']","['Shaco', '57.4%', 'Jungle']","['Fiddlesticks', '57.0%', 'Jungle']","['Evelynn', '55.7%', 'Jungle']","['Lillia', '55.3%', 'Jungle']","['Maokai', '54.9%', 'Jungle']"
Renata Glasc,"['Nilah', '57.8%', 'Bot']","['Twitch', '55.0%', 'Bot']","['Jinx', '53.7%', 'Bot']","['Tristana', '53.5%', 'Bot']","[""Kog'Maw"", '53.3%', 'Bot']","['Vayne', '53.0%', 'Bot']"
Morgana,"[""Kog'Maw"", '53.7%', 'Bot']","['Miss Fortune', '53.0%', 'Bot']","['Draven', '52.1%', 'Bot']","['Ziggs', '51.7%', 'Bot']","['Varus', '51.7%', 'Bot']","['Nilah', '51.7%', 'Bot']"
Cho'Gath,"['Xin Zhao', '55.7%', 'Jungle']","['Maokai', '55.6%', 'Jungle']","['Vi', '53.5%', 'Jungle']","['Lillia', '53.3%', 'Jungle']","['Shaco', '52.6%', 'Jungle']","['Rammus', '52.5%', 'Jungle']"
Warwick,"['Anivia', '57.1%', 'Mid']","['Ornn', '55.1%', 'Top']","['Talon', '55.0%', 'Mid']","['Veigar', '54.2%', 'Mid']","['Tryndamere', '54.2%', 'Top']","['Aurelion Sol', '53.9%', 'Mid']"
Nautilus,"['Cassiopeia', '59.7%', 'Bot']","['Karthus', '56.9%', 'Bot']","['Seraphine', '56.3%', 'Bot']","['Swain', '56.3%', 'Bot']","['Ziggs', '53.0%', 'Bot']","['Lucian', '52.4%', 'Bot']"
Thresh,"['Karthus', '54.4%', 'Bot']","['Miss Fortune', '53.0%', 'Bot']","['Nilah', '52.7%', 'Bot']","['Kalista', '52.5%', 'Bot']","['Twitch', '52.2%', 'Bot']","['Ziggs', '52.2%', 'Bot']"
Xayah,"['Sona', '52.7%', 'Support']","['Rell', '52.1%', 'Support']","['Rakan', '52.0%', 'Support']","['Blitzcrank', '51.9%', 'Support']","['Zilean', '51.8%', 'Support']","['Braum', '51.5%', 'Support']"
Graves,"['Singed', '59.5%', 'Mid']","['Kennen', '57.8%', 'Mid']","['Nasus', '56.9%', 'Mid']","['Maokai', '56.5%', 'Top']","['Garen', '55.9%', 'Mid']","['Seraphine', '55.8%', 'Mid']"
Evelynn,"['Zoe', '58.4%', 'Mid']","['Swain', '58.2%', 'Mid']","['Warwick', '57.9%', 'Top']","['Naafiri', '57.8%', 'Mid']","['Annie', '57.2%', 'Mid']","['Akshan', '57.0%', 'Mid']"
Tahm Kench,"['Talon', '60.0%', 'Jungle']","['Nocturne', '55.4%', 'Jungle']","['Kindred', '54.6%', 'Jungle']","['Amumu', '54.2%', 'Jungle']","['Vi', '53.5%', 'Jungle']","['Zac', '53.3%', 'Jungle']"
Corki,"['Kayn', '51.1%', 'Jungle']","['Graves', '50.8%', 'Jungle']","['Nocturne', '49.7%', 'Jungle']","[""Kha'Zix"", '48.4%', 'Jungle']","['Viego', '46.9%', 'Jungle']","['Lee Sin', '45.7%', 'Jungle']"
Brand,"['Quinn', '56.3%', 'Top']","['Akshan', '56.1%', 'Mid']","['Kassadin', '55.9%', 'Mid']","['Cassiopeia', '55.8%', 'Mid']","['Qiyana', '55.7%', 'Mid']","['Trundle', '55.7%', 'Top']"
Kayle,"['Briar', '57.6%', 'Jungle']","['Rammus', '57.1%', 'Jungle']","['Talon', '56.0%', 'Jungle']","['Fiddlesticks', '55.9%', 'Jungle']","['Jarvan IV', '54.3%', 'Jungle']","['Gragas', '53.4%', 'Jungle']"
Tryndamere,"['Nunu & Willump', '55.6%', 'Jungle']","['Fiddlesticks', '54.3%', 'Jungle']","['Rammus', '53.9%', 'Jungle']","['Taliyah', '53.7%', 'Jungle']","['Ekko', '53.6%', 'Jungle']","['Brand', '53.6%', 'Jungle']"
Quinn,"['Sejuani', '60.1%', 'Jungle']","['Rammus', '56.7%', 'Jungle']","['Nocturne', '56.5%', 'Jungle']","['Taliyah', '55.9%', 'Jungle']","['Maokai', '55.6%', 'Jungle']","['Zac', '55.5%', 'Jungle']"
Viktor,"['Udyr', '58.1%', 'Jungle']","['Nocturne', '55.6%', 'Jungle']","['Warwick', '55.0%', 'Jungle']","[""Kha'Zix"", '54.7%', 'Jungle']","['Talon', '54.6%', 'Jungle']","['Shaco', '54.4%', 'Jungle']"
Camille,"[""Rek'Sai"", '55.2%', 'Jungle']","['Taliyah', '55.2%', 'Jungle']","['Fiddlesticks', '54.9%', 'Jungle']","['Evelynn', '54.8%', 'Jungle']","['Gragas', '54.1%', 'Jungle']","['Elise', '54.0%', 'Jungle']"
Yuumi,"['Lucian', '55.1%', 'Bot']","['Yasuo', '54.9%', 'Bot']","['Tristana', '54.8%', 'Bot']","['Twitch', '52.0%', 'Bot']","['Vayne', '51.7%', 'Bot']","['Zeri', '50.5%', 'Bot']"
Kai'Sa,"['Taliyah', '56.6%', 'Support']","['Poppy', '54.1%', 'Support']","['Lissandra', '51.4%', 'Support']","['Zyra', '51.2%', 'Support']","['Zoe', '50.8%', 'Support']","['Maokai', '50.5%', 'Support']"
Janna,"['Seraphine', '58.6%', 'Bot']","['Karthus', '58.2%', 'Bot']","['Twitch', '55.1%', 'Bot']","['Vayne', '54.8%', 'Bot']","['Kalista', '54.6%', 'Bot']","['Draven', '54.3%', 'Bot']"
Kassadin,"['Jax', '62.1%', 'Jungle']","['Brand', '57.2%', 'Jungle']","['Ivern', '56.8%', 'Jungle']","['Maokai', '56.8%', 'Jungle']","['Rammus', '55.7%', 'Jungle']","['Hecarim', '55.6%', 'Jungle']"
Darius,"['Morgana', '54.6%', 'Jungle']","['Taliyah', '53.9%', 'Jungle']","['Trundle', '53.5%', 'Jungle']","['Fiddlesticks', '53.2%', 'Jungle']","['Nocturne', '52.9%', 'Jungle']","['Nunu & Willump', '52.9%', 'Jungle']"
Zilean,"['Ziggs', '58.9%', 'Bot']","['Vayne', '54.5%', 'Bot']","['Twitch', '54.3%', 'Bot']","['Draven', '53.8%', 'Bot']","['Ashe', '53.5%', 'Bot']","['Varus', '53.4%', 'Bot']"
Ryze,"['Gragas', '56.5%', 'Jungle']","['Briar', '56.2%', 'Jungle']","['Zac', '55.4%', 'Jungle']","['Evelynn', '54.4%', 'Jungle']","['Nocturne', '53.4%', 'Jungle']","['Ekko', '53.1%', 'Jungle']"
Rakan,"['Swain', '64.7%', 'Bot']","['Seraphine', '59.8%', 'Bot']","[""Kog'Maw"", '56.2%', 'Bot']","['Ziggs', '55.2%', 'Bot']","['Twitch', '55.0%', 'Bot']","['Lucian', '54.9%', 'Bot']"
Blitzcrank,"['Swain', '58.1%', 'Bot']","['Lucian', '55.0%', 'Bot']","['Draven', '53.9%', 'Bot']","['Twitch', '53.5%', 'Bot']","['Miss Fortune', '53.3%', 'Bot']","['Kalista', '53.3%', 'Bot']"
Kindred,"['Akshan', '58.3%', 'Mid']","['Singed', '58.1%', 'Top']","['Urgot', '56.2%', 'Top']","['Malphite', '56.2%', 'Top']","['Neeko', '56.1%', 'Mid']","['Fizz', '56.0%', 'Mid']"
Irelia,"['Ivern', '55.1%', 'Jungle']","['Fiddlesticks', '54.3%', 'Jungle']","['Gragas', '54.2%', 'Jungle']","[""Bel'Veth"", '54.1%', 'Jungle']","['Jax', '54.0%', 'Jungle']","['Nidalee', '53.8%', 'Jungle']"
Vi,"['Singed', '56.6%', 'Top']","['Warwick', '56.4%', 'Top']","['Neeko', '56.1%', 'Mid']","['Diana', '55.7%', 'Mid']","['Aurelion Sol', '55.3%', 'Mid']","['Kassadin', '54.6%', 'Mid']"
Trundle,"['Evelynn', '56.5%', 'Jungle']","['Fiddlesticks', '56.2%', 'Jungle']","['Brand', '55.5%', 'Jungle']","['Karthus', '54.9%', 'Jungle']","['Morgana', '54.8%', 'Jungle']","['Rammus', '54.4%', 'Jungle']"
Lissandra,"[""Rek'Sai"", '62.1%', 'Jungle']","['Trundle', '57.6%', 'Jungle']","['Master Yi', '54.9%', 'Jungle']","['Rammus', '54.7%', 'Jungle']","['Nidalee', '54.4%', 'Jungle']","['Evelynn', '54.2%', 'Jungle']"
Sivir,"['Taric', '56.7%', 'Support']","['Zyra', '53.5%', 'Support']","['Pyke', '53.3%', 'Support']","['Shaco', '52.9%', 'Support']","['Heimerdinger', '52.7%', 'Support']","['Braum', '52.5%', 'Support']"
Rumble,"['Rengar', '54.9%', 'Jungle']","['Master Yi', '53.4%', 'Jungle']","[""Rek'Sai"", '52.9%', 'Jungle']","[""Bel'Veth"", '52.9%', 'Jungle']","['Xin Zhao', '52.2%', 'Jungle']","['Udyr', '52.0%', 'Jungle']"
Gnar,"['Ivern', '55.4%', 'Jungle']","['Elise', '54.9%', 'Jungle']","['Shyvana', '54.0%', 'Jungle']","['Master Yi', '53.4%', 'Jungle']","[""Kha'Zix"", '52.8%', 'Jungle']","['Nunu & Willump', '52.7%', 'Jungle']"
Vel'Koz,"['Vayne', '54.2%', 'Bot']","['Ashe', '53.2%', 'Bot']","['Miss Fortune', '53.0%', 'Bot']","['Caitlyn', '53.0%', 'Bot']","['Jhin', '52.4%', 'Bot']","['Draven', '51.7%', 'Bot']"
Soraka,"['Yasuo', '59.5%', 'Bot']","['Swain', '58.4%', 'Bot']","['Ziggs', '56.3%', 'Bot']","['Seraphine', '56.2%', 'Bot']","['Vayne', '56.0%', 'Bot']","['Ashe', '55.8%', 'Bot']"
Taric,"['Vayne', '56.5%', 'Bot']","['Lucian', '56.2%', 'Bot']","['Sivir', '55.7%', 'Bot']","['Jinx', '55.7%', 'Bot']","['Varus', '54.4%', 'Bot']","['Miss Fortune', '54.4%', 'Bot']"
Varus,"['Taric', '55.5%', 'Support']","['Poppy', '54.3%', 'Support']","['Heimerdinger', '53.6%', 'Support']","['Rell', '53.1%', 'Support']","['Rakan', '52.8%', 'Support']","['Janna', '52.6%', 'Support']"
Nilah,"['Sona', '57.5%', 'Support']","['Renata Glasc', '56.3%', 'Support']","['Morgana', '54.8%', 'Support']","['Brand', '54.3%', 'Support']","['Rell', '53.9%', 'Support']","['Taric', '53.2%', 'Support']"
Zac,"['Quinn', '57.1%', 'Top']","['Akshan', '56.6%', 'Mid']","['Kassadin', '56.1%', 'Mid']","['Talon', '56.1%', 'Mid']","['Tristana', '56.0%', 'Mid']","['Ryze', '55.0%', 'Mid']"
Milio,"['Vayne', '55.0%', 'Bot']","['Ashe', '53.9%', 'Bot']","['Samira', '53.1%', 'Bot']","['Twitch', '52.9%', 'Bot']","[""Kog'Maw"", '52.8%', 'Bot']","['Lucian', '52.7%', 'Bot']"
Zed,"['Rammus', '57.1%', 'Jungle']","['Fiddlesticks', '55.6%', 'Jungle']","['Ivern', '55.3%', 'Jungle']","['Poppy', '52.9%', 'Jungle']","['Amumu', '52.9%', 'Jungle']","['Maokai', '52.8%', 'Jungle']"
Annie,"['Rengar', '57.4%', 'Jungle']","['Master Yi', '56.7%', 'Jungle']","['Evelynn', '56.5%', 'Jungle']","['Nidalee', '55.8%', 'Jungle']","['Kayn', '55.1%', 'Jungle']","['Graves', '54.9%', 'Jungle']"
Neeko,"['Ezreal', '54.1%', 'Bot']","['Ziggs', '53.3%', 'Bot']","['Lucian', '52.5%', 'Bot']","['Draven', '52.2%', 'Bot']","['Twitch', '52.0%', 'Bot']","['Jhin', '51.8%', 'Bot']"
Ashe,"['Galio', '57.1%', 'Support']","['Soraka', '56.6%', 'Support']","['Maokai', '55.4%', 'Support']","['Annie', '55.2%', 'Support']","['Sona', '54.8%', 'Support']","['Rakan', '54.2%', 'Support']"
Braum,"[""Kog'Maw"", '57.3%', 'Bot']","['Twitch', '56.5%', 'Bot']","['Yasuo', '54.9%', 'Bot']","['Vayne', '54.1%', 'Bot']","['Tristana', '53.5%', 'Bot']","['Sivir', '53.2%', 'Bot']"
Anivia,"['Sylas', '58.2%', 'Jungle']","['Nocturne', '57.7%', 'Jungle']","['Ekko', '56.9%', 'Jungle']","['Master Yi', '56.8%', 'Jungle']","['Ivern', '56.4%', 'Jungle']","['Rengar', '55.5%', 'Jungle']"
Volibear,"['Xin Zhao', '55.2%', 'Jungle']","['Elise', '55.1%', 'Jungle']","['Trundle', '54.8%', 'Jungle']","['Evelynn', '54.0%', 'Jungle']","['Gragas', '53.9%', 'Jungle']","['Taliyah', '52.4%', 'Jungle']"
Karthus,"['Akshan', '57.6%', 'Mid']","['Talon', '56.9%', 'Mid']","['Singed', '56.9%', 'Top']","['Camille', '55.3%', 'Top']","['Olaf', '54.9%', 'Top']","['Tristana', '54.9%', 'Mid']"
Hecarim,"['Kassadin', '56.2%', 'Mid']","['Singed', '54.8%', 'Top']","['Vex', '54.6%', 'Mid']","['Galio', '54.5%', 'Mid']","['Anivia', '54.1%', 'Mid']","['Xerath', '54.0%', 'Mid']"
Rammus,"['Cassiopeia', '60.2%', 'Mid']","['Quinn', '58.8%', 'Top']","['Akshan', '58.4%', 'Mid']","['Veigar', '57.6%', 'Mid']","['Galio', '57.5%', 'Mid']","['Vayne', '57.5%', 'Top']"
Orianna,"['Evelynn', '54.1%', 'Jungle']","['Pantheon', '54.1%', 'Jungle']","['Rengar', '53.8%', 'Jungle']","['Nocturne', '53.6%', 'Jungle']","['Rell', '52.7%', 'Jungle']","['Kindred', '52.7%', 'Jungle']"
Talon,"['Ivern', '62.8%', 'Jungle']","['Karthus', '57.1%', 'Jungle']","['Fiddlesticks', '56.8%', 'Jungle']","['Xin Zhao', '56.3%', 'Jungle']","['Taliyah', '55.8%', 'Jungle']","['Kindred', '55.8%', 'Jungle']"
Pantheon,"['Trundle', '56.5%', 'Jungle']","['Maokai', '54.8%', 'Jungle']","['Nidalee', '54.0%', 'Jungle']","['Evelynn', '54.0%', 'Jungle']","['Xin Zhao', '53.9%', 'Jungle']","[""Rek'Sai"", '53.5%', 'Jungle']"
Urgot,"['Talon', '60.2%', 'Jungle']","['Ivern', '59.0%', 'Jungle']","['Maokai', '58.4%', 'Jungle']","['Fiddlesticks', '58.1%', 'Jungle']","['Gragas', '57.2%', 'Jungle']","['Rammus', '56.6%', 'Jungle']"
Kha'Zix,"['Xerath', '56.7%', 'Mid']","['Warwick', '56.3%', 'Top']","['Ziggs', '56.2%', 'Mid']","['Rumble', '56.1%', 'Mid']","['Malphite', '55.9%', 'Top']","['Lux', '55.7%', 'Mid']"
Caitlyn,"['Zoe', '56.1%', 'Support']","['Zac', '53.9%', 'Support']","['Fiddlesticks', '53.6%', 'Support']","['Annie', '53.2%', 'Support']","['Tahm Kench', '52.7%', 'Support']","['Bard', '52.6%', 'Support']"
Tristana,"['Zac', '58.0%', 'Support']","['Taric', '54.4%', 'Support']","['Yuumi', '53.4%', 'Support']","['Zyra', '53.1%', 'Support']","['Shaco', '52.8%', 'Support']","['Blitzcrank', '52.2%', 'Support']"
LeBlanc,"['Fiddlesticks', '54.9%', 'Jungle']","['Rengar', '52.7%', 'Jungle']","['Jax', '52.3%', 'Jungle']","['Trundle', '52.2%', 'Jungle']","[""Bel'Veth"", '52.2%', 'Jungle']","[""Kha'Zix"", '52.2%', 'Jungle']"
Garen,"['Rammus', '56.1%', 'Jungle']","[""Rek'Sai"", '56.0%', 'Jungle']","['Fiddlesticks', '55.5%', 'Jungle']","['Zac', '55.0%', 'Jungle']","['Gwen', '54.9%', 'Jungle']","['Karthus', '54.9%', 'Jungle']"
Pyke,"['Swain', '56.1%', 'Bot']","['Karthus', '55.8%', 'Bot']","['Seraphine', '55.4%', 'Bot']","[""Kog'Maw"", '54.0%', 'Bot']","['Yasuo', '53.9%', 'Bot']","['Miss Fortune', '53.7%', 'Bot']"
Udyr,"['Qiyana', '59.0%', 'Mid']","['Viktor', '58.1%', 'Mid']","['Xerath', '56.9%', 'Mid']","['Fizz', '56.8%', 'Mid']","['Anivia', '56.2%', 'Mid']","['Ornn', '56.1%', 'Top']"
Malzahar,"['Evelynn', '55.6%', 'Jungle']","['Zac', '55.4%', 'Jungle']","['Talon', '55.2%', 'Jungle']","['Amumu', '54.9%', 'Jungle']","['Jax', '54.8%', 'Jungle']","[""Kha'Zix"", '54.5%', 'Jungle']"
Kennen,"['Nocturne', '56.3%', 'Jungle']","['Rengar', '54.9%', 'Jungle']","['Diana', '54.4%', 'Jungle']","['Kindred', '54.3%', 'Jungle']","['Maokai', '52.9%', 'Jungle']","['Ekko', '52.1%', 'Jungle']"
Rek'Sai,"['Lissandra', '60.3%', 'Mid']","['Twisted Fate', '58.0%', 'Mid']","[""K'Sante"", '55.5%', 'Top']","['Xerath', '55.5%', 'Mid']","['Galio', '55.0%', 'Mid']","['Sylas', '54.5%', 'Mid']"
Heimerdinger,"['Vayne', '56.0%', 'Bot']","['Twitch', '55.8%', 'Bot']","['Jinx', '55.2%', 'Bot']","['Varus', '54.0%', 'Bot']","['Jhin', '52.9%', 'Bot']","['Xayah', '51.9%', 'Bot']"
Bard,"[""Kog'Maw"", '58.1%', 'Bot']","['Seraphine', '57.6%', 'Bot']","['Ziggs', '54.5%', 'Bot']","['Jhin', '54.4%', 'Bot']","['Vayne', '53.7%', 'Bot']","['Ezreal', '53.2%', 'Bot']"
Gangplank,"['Jax', '54.8%', 'Jungle']","['Nocturne', '54.7%', 'Jungle']","[""Rek'Sai"", '52.8%', 'Jungle']","['Rammus', '52.3%', 'Jungle']","['Ivern', '52.1%', 'Jungle']","['Nidalee', '51.6%', 'Jungle']"
Nunu & Willump,"['Akshan', '57.4%', 'Mid']","['Aurelion Sol', '57.1%', 'Mid']","['Fiora', '56.7%', 'Top']","['Kassadin', '56.6%', 'Mid']","['Neeko', '56.4%', 'Mid']","['Talon', '55.9%', 'Mid']"
Zeri,"['Rakan', '51.3%', 'Support']","['Braum', '50.3%', 'Support']","['Alistar', '50.2%', 'Support']","['Bard', '49.9%', 'Support']","['Yuumi', '49.7%', 'Support']","['Soraka', '49.2%', 'Support']"
Yorick,"['Ivern', '55.1%', 'Jungle']","['Gragas', '53.5%', 'Jungle']","['Elise', '51.0%', 'Jungle']","['Briar', '50.8%', 'Jungle']","[""Kha'Zix"", '50.6%', 'Jungle']","['Ekko', '50.4%', 'Jungle']"
Jax,"['Ivern', '54.3%', 'Jungle']","['Morgana', '54.0%', 'Jungle']","['Qiyana', '53.8%', 'Jungle']","[""Rek'Sai"", '53.6%', 'Jungle']","['Warwick', '53.3%', 'Jungle']","['Karthus', '53.1%', 'Jungle']"
Hwei,"['Gwen', '41.9%', 'Jungle']","['Rammus', '40.2%', 'Jungle']","['Ivern', '39.1%', 'Jungle']","['Trundle', '38.9%', 'Jungle']","['Master Yi', '38.8%', 'Jungle']","['Nocturne', '38.6%', 'Jungle']"
Lillia,"['Tristana', '58.2%', 'Mid']","['Galio', '56.8%', 'Mid']","['Kled', '56.7%', 'Top']","['Naafiri', '55.8%', 'Mid']","['Quinn', '55.3%', 'Top']","['Irelia', '55.0%', 'Mid']"
Jinx,"['Zac', '57.8%', 'Support']","['Taric', '56.4%', 'Support']","['Teemo', '56.3%', 'Support']","['Poppy', '54.8%', 'Support']","['Galio', '54.6%', 'Support']","['Zyra', '54.1%', 'Support']"
Briar,"['Brand', '59.6%', 'Mid']","['Kayle', '58.4%', 'Top']","['Udyr', '57.7%', 'Top']","['Malphite', '57.6%', 'Mid']","['Maokai', '56.9%', 'Top']","['Ornn', '56.5%', 'Top']"
Leona,"['Seraphine', '57.1%', 'Bot']","['Swain', '55.8%', 'Bot']","['Vayne', '55.2%', 'Bot']","['Twitch', '54.9%', 'Bot']","['Ezreal', '53.7%', 'Bot']","['Miss Fortune', '53.3%', 'Bot']"
Alistar,"['Vayne', '53.9%', 'Bot']","['Miss Fortune', '53.4%', 'Bot']","['Ashe', '52.8%', 'Bot']","['Yasuo', '52.8%', 'Bot']","['Lucian', '52.2%', 'Bot']","['Veigar', '51.6%', 'Bot']"
Aatrox,"['Ivern', '55.8%', 'Jungle']","['Gwen', '54.2%', 'Jungle']","['Warwick', '53.4%', 'Jungle']","['Jax', '52.8%', 'Jungle']","['Fiddlesticks', '52.5%', 'Jungle']","['Skarner', '52.5%', 'Jungle']"
Malphite,"['Udyr', '57.0%', 'Jungle']","['Kindred', '56.3%', 'Jungle']","[""Kha'Zix"", '55.5%', 'Jungle']","[""Bel'Veth"", '55.1%', 'Jungle']","['Master Yi', '54.9%', 'Jungle']","['Zed', '54.9%', 'Jungle']"
Nasus,"['Talon', '57.5%', 'Jungle']","['Shaco', '56.3%', 'Jungle']","['Evelynn', '56.1%', 'Jungle']","['Ekko', '55.2%', 'Jungle']","['Vi', '54.8%', 'Jungle']","['Gragas', '54.7%', 'Jungle']"
Samira,"['Shaco', '55.1%', 'Support']","['Maokai', '53.4%', 'Support']","['Sylas', '53.4%', 'Support']","['Nami', '52.9%', 'Support']","['Taric', '52.9%', 'Support']","['Renata Glasc', '52.5%', 'Support']"
Ahri,"['Trundle', '55.8%', 'Jungle']","['Evelynn', '55.3%', 'Jungle']","['Maokai', '53.4%', 'Jungle']","['Kindred', '53.0%', 'Jungle']","[""Bel'Veth"", '53.0%', 'Jungle']","['Rengar', '52.9%', 'Jungle']"
Miss Fortune,"['Maokai', '56.5%', 'Support']","['Shaco', '54.8%', 'Support']","['Pyke', '54.5%', 'Support']","['Rakan', '54.5%', 'Support']","['Amumu', '54.0%', 'Support']","['Blitzcrank', '53.9%', 'Support']"
Swain,"['Yasuo', '54.9%', 'Bot']","['Ziggs', '53.3%', 'Bot']","['Draven', '51.7%', 'Bot']","['Vayne', '51.7%', 'Bot']","['Kalista', '51.7%', 'Bot']","['Ashe', '51.6%', 'Bot']"
Lee Sin,"['Fiddlesticks', '60.8%', 'Top']","['Singed', '57.9%', 'Mid']","['Kennen', '57.4%', 'Mid']","['Tristana', '54.2%', 'Mid']","['Garen', '53.8%', 'Mid']","['Taliyah', '53.1%', 'Mid']"
Fiora,"['Nunu & Willump', '57.5%', 'Jungle']","['Evelynn', '54.9%', 'Jungle']","['Fiddlesticks', '54.2%', 'Jungle']","['Rammus', '54.2%', 'Jungle']","['Maokai', '54.0%', 'Jungle']","['Taliyah', '54.0%', 'Jungle']"
Jhin,"['Shaco', '56.1%', 'Support']","['Zyra', '54.9%', 'Support']","['Bard', '54.0%', 'Support']","['LeBlanc', '54.0%', 'Support']","['Twitch', '54.0%', 'Support']","['Xerath', '53.8%', 'Support']"
Amumu,"['Kassadin', '57.2%', 'Mid']","['Malzahar', '54.9%', 'Mid']","['Xerath', '54.7%', 'Mid']","['Aurelion Sol', '54.6%', 'Mid']","['Neeko', '54.6%', 'Mid']","['Kayle', '54.3%', 'Top']"
Illaoi,"['Ekko', '55.3%', 'Jungle']","['Fiddlesticks', '54.9%', 'Jungle']","['Rammus', '54.8%', 'Jungle']","['Rengar', '54.7%', 'Jungle']","['Evelynn', '54.7%', 'Jungle']","['Talon', '54.4%', 'Jungle']"
K'Sante,"[""Rek'Sai"", '55.6%', 'Jungle']","['Jax', '54.9%', 'Jungle']","['Ivern', '54.3%', 'Jungle']","['Xin Zhao', '54.2%', 'Jungle']","['Udyr', '52.4%', 'Jungle']","['Talon', '52.2%', 'Jungle']"
Ekko,"['Garen', '60.3%', 'Mid']","['Wukong', '58.1%', 'Top']","['Swain', '56.1%', 'Mid']","['Renekton', '55.8%', 'Mid']","['Brand', '55.5%', 'Mid']","['Warwick', '55.1%', 'Top']"
Aurelion Sol,"['Nunu & Willump', '58.3%', 'Jungle']","['Vi', '57.5%', 'Jungle']","['Maokai', '56.3%', 'Jungle']","['Poppy', '56.2%', 'Jungle']","['Master Yi', '56.2%', 'Jungle']","['Shaco', '55.7%', 'Jungle']"