championName,worstAgainst1,worstAgainst2,worstAgainst3,worstAgainst4,worstAgainst5,worstAgainst6
Rengar,"['Master Yi', '44.9%']","['Briar', '47.4%']","['Diana', '47.7%']","['Ekko', '47.8%']","['Rammus', '47.8%']","[""Bel'Veth"", '48.0%']"
Wukong,"['Ivern', '38.6%']","['Talon', '40.7%']","['Taliyah', '41.4%']","['Nunu & Willump', '41.8%']","[""Rek'Sai"", '43.1%']","['Karthus', '43.1%']"
Shyvana,"['Nunu & Willump', '38.3%']","['Elise', '38.7%']","['Jax', '41.9%']","['Sejuani', '42.0%']","['Lillia', '44.0%']","[""Kha'Zix"", '44.9%']"
Vex,"['Swain', '40.3%']","['Cassiopeia', '44.5%']","['Anivia', '46.1%']","['Vladimir', '46.3%']","['Akshan', '46.4%']","['Kassadin', '47.8%']"
Kalista,"[""Kog'Maw"", '44.8%']","['Miss Fortune', '46.7%']","['Ziggs', '46.8%']","['Jinx', '47.8%']","['Vayne', '48.1%']","['Twitch', '48.4%']"
Jayce,"['Kled', '42.9%']","['Rengar', '43.1%']","['Ornn', '43.1%']","['Dr. Mundo', '43.5%']","['Malphite', '43.5%']","['Vladimir', '43.6%']"
Ezreal,"['Seraphine', '47.6%']","['Vayne', '48.1%']","['Nilah', '48.9%']","['Jhin', '49.1%']","[""Kog'Maw"", '49.2%']","['Twitch', '49.7%']"
Rell,"['Brand', '45.3%']","['Sona', '45.4%']","['Poppy', '45.5%']","['Shaco', '46.0%']","['Janna', '46.5%']","['Bard', '46.9%']"
Kled,"['Vladimir', '38.2%']","['Vayne', '42.1%']","['Varus', '44.1%']","['Quinn', '45.0%']","['Fiora', '46.7%']","['Ornn', '46.9%']"
Gragas,"['Rammus', '45.2%']","['Shyvana', '46.1%']","['Taliyah', '46.1%']","['Evelynn', '46.2%']","['Fiddlesticks', '46.2%']","['Nunu & Willump', '46.3%']"
Xerath,"['Sylas', '44.1%']","['Maokai', '46.1%']","['Milio', '47.7%']","['Janna', '48.3%']","['Nami', '48.6%']","['Soraka', '49.0%']"
Olaf,"['Quinn', '45.3%']","['Trundle', '45.9%']","['Kled', '46.7%']","['Vayne', '46.8%']","['Singed', '47.4%']","['Camille', '47.7%']"
Veigar,"['Ekko', '44.9%']","['Taliyah', '45.3%']","['Katarina', '47.2%']","['Xerath', '47.4%']","['LeBlanc', '47.9%']","['Twisted Fate', '48.0%']"
Syndra,"['Fizz', '45.4%']","['Katarina', '46.4%']","['Xerath', '46.8%']","['Kassadin', '47.0%']","['Talon', '47.0%']","['Sylas', '47.7%']"
Ornn,"['Singed', '44.6%']","['Fiora', '46.3%']","['Rengar', '47.0%']","[""K'Sante"", '47.4%']","['Olaf', '48.0%']","['Dr. Mundo', '48.9%']"
Jarvan IV,"['Ivern', '45.9%']","['Taliyah', '46.0%']","['Xin Zhao', '46.1%']","['Karthus', '46.6%']","['Elise', '46.7%']","['Brand', '47.4%']"
Gwen,"['Singed', '42.9%']","['Warwick', '42.9%']","['Quinn', '44.5%']","['Tryndamere', '45.4%']","['Pantheon', '45.8%']","['Riven', '46.1%']"
Lux,"['Sona', '45.8%']","['Janna', '46.2%']","['Blitzcrank', '46.5%']","['Xerath', '47.1%']","['Shaco', '47.6%']","['Pyke', '47.9%']"
Vayne,"['Seraphine', '46.5%']","['Draven', '48.9%']","['Miss Fortune', '50.1%']","['Ashe', '50.5%']","['Lucian', '51.2%']","['Samira', '51.3%']"
Ivern,"[""Rek'Sai"", '43.4%']","['Fiddlesticks', '47.1%']","['Xin Zhao', '47.2%']","['Rammus', '47.8%']","['Briar', '49.3%']","['Talon', '50.0%']"
Seraphine,"['Maokai', '42.0%']","['Milio', '45.0%']","['Brand', '45.4%']","['Sylas', '46.6%']","['Janna', '46.6%']","['Pyke', '46.6%']"
Shen,"['Kayle', '45.8%']","['Gwen', '46.2%']","['Riven', '46.6%']","['Singed', '46.6%']","['Poppy', '46.7%']","['Dr. Mundo', '46.7%']"
Yone,"['Poppy', '44.5%']","['Warwick', '44.5%']","['Singed', '44.6%']","['Quinn', '45.1%']","['Riven', '45.3%']","['Camille', '46.1%']"
Master Yi,"['Rammus', '43.9%']","['Jax', '45.7%']","['Ivern', '45.9%']","['Zac', '47.6%']","['Shaco', '48.3%']","['Fiddlesticks', '48.3%']"
Nocturne,"['Ivern', '47.4%']","['Rammus', '48.4%']","['Evelynn', '49.4%']","['Nunu & Willump', '49.7%']","[""Rek'Sai"", '49.8%']","['Trundle', '49.9%']"
Zyra,"['Taric', '45.7%']","['Twitch', '46.4%']","['Bard', '47.4%']","['Sona', '49.0%']","['Xerath', '49.3%']","['Shaco', '49.4%']"
Maokai,"['Xin Zhao', '46.1%']","['Karthus', '46.3%']","['Ivern', '46.5%']","['Kindred', '46.5%']","['Nunu & Willump', '47.2%']","['Zac', '47.6%']"
Xin Zhao,"['Karthus', '45.0%']","['Master Yi', '46.1%']","['Gragas', '46.5%']","['Vi', '46.5%']","['Fiddlesticks', '47.1%']","[""Rek'Sai"", '47.4%']"
Twisted Fate,"['Kassadin', '45.2%']","['Naafiri', '46.0%']","['Swain', '46.8%']","['Pantheon', '46.9%']","['Annie', '47.2%']","['Fizz', '47.7%']"
Akali,"['Galio', '42.9%']","['Taliyah', '44.2%']","['Annie', '45.3%']","['Twisted Fate', '45.5%']","['Pantheon', '46.1%']","['Ryze', '46.4%']"
Ziggs,"['Swain', '39.5%']","['Vayne', '46.6%']","['Twitch', '48.1%']","['Yasuo', '48.7%']","['Jhin', '48.9%']","['Seraphine', '48.9%']"
Sylas,"['Taliyah', '45.0%']","['Akshan', '46.2%']","['Galio', '48.2%']","['Vex', '48.6%']","['Naafiri', '48.6%']","['Ryze', '48.8%']"
Taliyah,"[""Rek'Sai"", '44.9%']","['Udyr', '45.7%']","['Ivern', '46.0%']","['Rengar', '46.3%']","['Maokai', '47.4%']","['Kindred', '47.5%']"
Lulu,"['Zyra', '45.7%']","['Milio', '46.3%']","['Senna', '46.6%']","['Taric', '46.6%']","['Sona', '46.8%']","['Janna', '47.4%']"
Riven,"['Vayne', '43.4%']","['Quinn', '45.1%']","['Poppy', '45.2%']","['Urgot', '46.0%']","['Kennen', '46.2%']","['Malphite', '46.3%']"
Poppy,"['Ivern', '40.6%']","['Trundle', '41.9%']","['Udyr', '43.8%']","['Nocturne', '44.4%']","['Taliyah', '44.5%']","['Gragas', '46.0%']"
Karma,"['Sona', '44.3%']","['Maokai', '44.6%']","['Pyke', '44.8%']","['Sylas', '45.5%']","['Rakan', '46.3%']","['Janna', '46.4%']"
Dr. Mundo,"['Kled', '43.2%']","['Warwick', '43.4%']","['Kayle', '45.3%']","['Tryndamere', '45.4%']","['Olaf', '45.5%']","['Trundle', '45.9%']"
Mordekaiser,"['Vayne', '40.3%']","['Singed', '45.0%']","['Olaf', '45.1%']","['Yone', '45.6%']","['Poppy', '46.1%']","['Varus', '46.1%']"
Shaco,"['Trundle', '46.7%']","['Karthus', '46.9%']","['Talon', '47.0%']","['Briar', '47.7%']","['Hecarim', '47.9%']","['Graves', '48.3%']"
Akshan,"['Malphite', '46.5%']","['Ekko', '47.0%']","['Naafiri', '47.9%']","['Galio', '48.5%']","['Yasuo', '49.1%']","['Cassiopeia', '49.1%']"
Nidalee,"['Gragas', '46.3%']","['Xin Zhao', '46.5%']","['Briar', '47.2%']","['Rammus', '47.4%']","[""Bel'Veth"", '47.4%']","['Rengar', '47.4%']"
Draven,"['Seraphine', '45.3%']","['Swain', '46.1%']","[""Kog'Maw"", '46.5%']","['Miss Fortune', '47.7%']","['Ziggs', '47.8%']","['Ezreal', '48.3%']"
Azir,"['Qiyana', '41.3%']","['Brand', '42.4%']","['Naafiri', '42.6%']","['Xerath', '43.3%']","['Diana', '43.9%']","['Ziggs', '44.2%']"
Zoe,"['Kassadin', '44.4%']","['Anivia', '44.4%']","['Lissandra', '45.9%']","['Naafiri', '46.1%']","['Annie', '46.1%']","['Tristana', '46.3%']"
Diana,"['Ivern', '43.4%']","['Udyr', '44.9%']","['Trundle', '45.3%']","['Evelynn', '45.7%']","['Rammus', '45.9%']","['Briar', '46.9%']"
Nami,"['Maokai', '46.9%']","['Zyra', '47.3%']","['Sona', '47.9%']","['Blitzcrank', '47.9%']","['Milio', '48.6%']","['Bard', '49.0%']"
Katarina,"['Vladimir', '44.2%']","['Cassiopeia', '45.4%']","['Fizz', '45.6%']","['Zoe', '46.4%']","['Ryze', '47.2%']","['Kassadin', '47.2%']"
Twitch,"['Vayne', '48.8%']","['Yasuo', '49.0%']","['Nilah', '49.0%']","['Kalista', '49.8%']","['Lucian', '50.0%']","['Tristana', '50.3%']"
Qiyana,"['Malphite', '37.8%']","['Swain', '44.2%']","['Akshan', '44.8%']","['Diana', '44.9%']","['Taliyah', '45.3%']","['Jayce', '45.8%']"
Renekton,"['Dr. Mundo', '42.6%']","['Warwick', '42.6%']","['Illaoi', '44.2%']","['Quinn', '44.6%']","['Malphite', '45.0%']","['Sylas', '45.0%']"
Bel'Veth,"['Rammus', '46.5%']","['Master Yi', '47.0%']","['Amumu', '47.9%']","['Taliyah', '48.3%']","['Ivern', '48.3%']","['Evelynn', '48.7%']"
Aphelios,"['Ziggs', '43.9%']","['Twitch', '44.4%']","['Seraphine', '44.8%']","['Ashe', '45.6%']","['Samira', '45.7%']","['Miss Fortune', '46.0%']"
Lucian,"['Ziggs', '48.3%']","[""Kog'Maw"", '48.4%']","['Jhin', '49.1%']","['Ashe', '49.1%']","['Twitch', '49.5%']","['Miss Fortune', '49.5%']"
Viego,"['Rammus', '43.2%']","['Karthus', '44.5%']","['Fiddlesticks', '44.5%']","['Zac', '45.5%']","['Ivern', '46.2%']","[""Bel'Veth"", '46.3%']"
Cassiopeia,"['Brand', '36.5%']","['Galio', '42.8%']","['Taliyah', '44.2%']","['Zoe', '44.6%']","['Viktor', '46.0%']","['Zed', '47.0%']"
Singed,"[""Cho'Gath"", '45.5%']","['Gangplank', '46.2%']","['Camille', '47.0%']","['Riven', '48.2%']","['Volibear', '48.8%']","['Dr. Mundo', '49.8%']"
Fizz,"['Galio', '46.2%']","['Kassadin', '47.1%']","['Sylas', '47.1%']","['Swain', '47.6%']","['Annie', '47.6%']","['Tristana', '48.0%']"
Vladimir,"['Malzahar', '41.2%']","['Anivia', '46.8%']","['Kassadin', '46.9%']","['Taliyah', '47.0%']","['Galio', '47.1%']","['Brand', '47.5%']"
Kog'Maw,"['Seraphine', '41.3%']","['Vayne', '47.0%']","['Jhin', '47.2%']","['Varus', '48.1%']","['Twitch', '48.3%']","['Ziggs', '48.5%']"
Sett,"['Warwick', '43.5%']","['Kayle', '45.4%']","['Kled', '45.6%']","['Poppy', '45.8%']","['Malphite', '45.9%']","['Camille', '46.4%']"
Sona,"['Taric', '46.5%']","['Rakan', '47.5%']","['Zilean', '48.0%']","['Bard', '48.2%']","['Soraka', '49.5%']","['Senna', '49.7%']"
Kayn,"['Fiddlesticks', '46.6%']","['Poppy', '47.4%']","['Master Yi', '47.9%']","['Ivern', '48.2%']","['Nocturne', '48.2%']","['Rammus', '48.3%']"
Sion,"['Riven', '41.0%']","['Gwen', '42.1%']","['Kled', '42.8%']","['Vayne', '42.9%']","['Fiora', '43.6%']","['Shen', '44.3%']"
Senna,"['Sylas', '46.7%']","['Blitzcrank', '47.9%']","['Xerath', '47.9%']","['Zyra', '48.5%']","['Neeko', '48.8%']","['Leona', '49.0%']"
Fiddlesticks,"['Udyr', '44.3%']","['Karthus', '47.5%']","['Amumu', '48.4%']","['Maokai', '49.1%']","['Briar', '49.7%']","['Rammus', '49.9%']"
Galio,"['Brand', '41.8%']","['Swain', '43.7%']","['Qiyana', '45.0%']","['Zed', '45.8%']","['Vex', '46.4%']","['Taliyah', '47.0%']"
Yasuo,"['Swain', '42.7%']","['Malzahar', '42.8%']","['Renekton', '43.8%']","['Aurelion Sol', '43.9%']","['Taliyah', '44.4%']","['Anivia', '44.7%']"
Elise,"['Rammus', '42.5%']","['Udyr', '43.9%']","['Ivern', '45.6%']","['Karthus', '45.8%']","['Diana', '46.9%']","['Rengar', '46.9%']"
Teemo,"['Ornn', '43.5%']","['Kled', '44.1%']","['Ryze', '45.4%']","['Shen', '45.5%']","['Nasus', '45.9%']","['Urgot', '46.3%']"
Sejuani,"['Ivern', '43.3%']","['Kayn', '44.3%']","['Trundle', '45.1%']","['Brand', '45.1%']","[""Kha'Zix"", '45.7%']","[""Bel'Veth"", '45.7%']"
Naafiri,"['Neeko', '41.3%']","['Taliyah', '42.0%']","['Anivia', '42.5%']","['Vex', '44.1%']","['Lissandra', '45.5%']","['Swain', '45.6%']"
Renata Glasc,"['Zilean', '46.0%']","['Xerath', '46.9%']","['Heimerdinger', '47.7%']","['Zyra', '48.4%']","['Twitch', '48.9%']","['Soraka', '49.2%']"
Morgana,"['Twitch', '44.9%']","['Janna', '46.0%']","['Shaco', '47.1%']","['Zyra', '47.6%']","['Rell', '47.7%']","['Soraka', '47.9%']"
Cho'Gath,"['Dr. Mundo', '40.9%']","['Olaf', '41.5%']","['Vayne', '43.0%']","['Gwen', '43.6%']","['Gragas', '43.7%']","['Rumble', '44.4%']"
Warwick,"['Ivern', '42.9%']","['Brand', '44.3%']","['Karthus', '44.9%']","['Shaco', '45.9%']","['Taliyah', '46.6%']","['Evelynn', '46.9%']"
Nautilus,"['Taric', '44.5%']","['Braum', '45.6%']","['Rell', '46.1%']","['Rakan', '46.2%']","['Morgana', '46.8%']","['Leona', '47.0%']"
Thresh,"['Taric', '47.4%']","['Janna', '47.6%']","['Rakan', '47.8%']","['Zyra', '48.0%']","['Maokai', '48.2%']","['Twitch', '48.3%']"
Xayah,"['Ziggs', '46.3%']","['Ashe', '46.4%']","['Jinx', '46.8%']","['Vayne', '47.4%']","['Twitch', '47.9%']","['Draven', '47.9%']"
Graves,"['Evelynn', '46.8%']","['Ivern', '47.7%']","['Rammus', '47.9%']","['Udyr', '48.4%']","['Fiddlesticks', '48.5%']","[""Kha'Zix"", '48.6%']"
Evelynn,"['Fiddlesticks', '45.3%']","['Briar', '48.5%']","['Zac', '48.7%']","['Ivern', '49.2%']","['Shaco', '49.7%']","['Brand', '49.7%']"
Tahm Kench,"['Poppy', '40.4%']","['Aatrox', '46.5%']","['Gwen', '46.6%']","['Riven', '46.8%']","['Gangplank', '46.8%']","['Urgot', '47.7%']"
Corki,"['Swain', '33.3%']","['Anivia', '35.7%']","['Ziggs', '39.4%']","['Jayce', '39.7%']","['Kassadin', '39.8%']","['Talon', '40.5%']"
Brand,"['Talon', '46.8%']","['Kindred', '47.3%']","['Rengar', '47.4%']","['Nidalee', '48.0%']","['Kayn', '48.0%']","[""Rek'Sai"", '48.7%']"
Kayle,"['Rengar', '39.0%']","['Poppy', '39.9%']","['Singed', '44.4%']","['Nasus', '44.9%']","['Sylas', '45.3%']","['Warwick', '45.3%']"
Tryndamere,"['Vayne', '39.5%']","['Malphite', '42.5%']","['Quinn', '43.9%']","['Poppy', '44.0%']","['Tahm Kench', '46.0%']","['Volibear', '46.4%']"
Quinn,"['Dr. Mundo', '38.0%']","['Warwick', '42.7%']","['Nasus', '43.8%']","['Akshan', '44.9%']","['Malphite', '45.3%']","['Singed', '45.5%']"
Viktor,"['Akshan', '45.1%']","['Galio', '45.9%']","['Aurelion Sol', '46.6%']","['Kassadin', '46.9%']","['Neeko', '47.3%']","['Diana', '47.7%']"
Camille,"['Vladimir', '43.7%']","['Zac', '43.8%']","['Poppy', '47.9%']","[""Cho'Gath"", '48.5%']","['Teemo', '48.5%']","['Jax', '48.9%']"
Yuumi,"['Taric', '39.6%']","['Braum', '42.0%']","['Rell', '42.4%']","['Nautilus', '43.7%']","['Rakan', '44.0%']","['Janna', '44.5%']"
Kai'Sa,"[""Kog'Maw"", '44.7%']","['Ashe', '47.2%']","['Vayne', '47.3%']","['Draven', '47.4%']","['Twitch', '47.4%']","['Samira', '47.5%']"
Janna,"['Sona', '47.5%']","['Blitzcrank', '49.6%']","['Soraka', '49.8%']","['Zyra', '49.9%']","['Renata Glasc', '50.0%']","['Senna', '50.1%']"
Kassadin,"['Tristana', '43.3%']","['Swain', '44.9%']","['Irelia', '45.8%']","['Brand', '45.9%']","['Pantheon', '46.1%']","['Akshan', '46.4%']"
Darius,"['Wukong', '45.1%']","['Dr. Mundo', '45.7%']","['Quinn', '45.9%']","['Vayne', '47.0%']","['Ornn', '47.7%']","['Rumble', '48.3%']"
Zilean,"['Sylas', '41.8%']","['Heimerdinger', '45.5%']","['Blitzcrank', '48.2%']","['Senna', '48.8%']","['Janna', '49.3%']","['Soraka', '49.3%']"
Ryze,"['Taliyah', '39.2%']","['Malzahar', '42.3%']","['Anivia', '42.5%']","['Annie', '42.6%']","['Brand', '43.1%']","['Aurelion Sol', '43.8%']"
Rakan,"['Zilean', '48.7%']","['Zac', '49.1%']","['Senna', '49.1%']","['Renata Glasc', '49.2%']","['Soraka', '49.2%']","['Janna', '49.5%']"
Blitzcrank,"['Amumu', '44.7%']","['Maokai', '46.4%']","['Rakan', '46.9%']","['Leona', '47.4%']","['Zac', '47.8%']","['Taric', '48.0%']"
Kindred,"['Rammus', '45.0%']","['Rengar', '46.6%']","['Ivern', '46.9%']","['Master Yi', '47.0%']","['Trundle', '47.4%']","['Evelynn', '47.8%']"
Irelia,"['Warwick', '40.7%']","['Trundle', '43.3%']","['Olaf', '44.2%']","['Jax', '44.7%']","['Nasus', '45.1%']","['Riven', '45.3%']"
Vi,"['Trundle', '43.7%']","['Jax', '43.8%']","['Ivern', '45.7%']","[""Rek'Sai"", '46.1%']","['Fiddlesticks', '47.0%']","['Zac', '47.4%']"
Trundle,"['Quinn', '44.9%']","['Gnar', '46.7%']","['Udyr', '47.3%']","['Vayne', '47.3%']","['Kled', '47.4%']","['Jax', '47.9%']"
Lissandra,"['Anivia', '43.3%']","['Swain', '43.4%']","['Cassiopeia', '44.4%']","['Aurelion Sol', '45.0%']","['Galio', '45.0%']","['Annie', '45.6%']"
Sivir,"['Twitch', '45.2%']","['Vayne', '46.0%']","['Seraphine', '46.3%']","['Draven', '46.8%']","['Samira', '47.9%']","['Ashe', '48.0%']"
Rumble,"['Ryze', '41.6%']","['Olaf', '43.7%']","['Tryndamere', '45.1%']","['Tahm Kench', '45.1%']","['Ornn', '45.2%']","['Warwick', '45.4%']"
Gnar,"['Olaf', '42.6%']","['Vayne', '43.2%']","['Poppy', '44.2%']","['Rengar', '44.6%']","['Urgot', '44.9%']","['Malphite', '46.1%']"
Vel'Koz,"['Maokai', '42.8%']","['Sona', '42.9%']","['Zyra', '45.7%']","['Pyke', '46.0%']","['Twitch', '46.7%']","['Shaco', '47.7%']"
Soraka,"['Maokai', '45.7%']","['Sylas', '47.8%']","['Blitzcrank', '47.9%']","['Bard', '48.2%']","['Zyra', '48.6%']","['Yuumi', '50.2%']"
Taric,"['Bard', '45.9%']","['Janna', '47.4%']","['Nami', '48.3%']","['Morgana', '48.6%']","['Swain', '48.8%']","['Ashe', '48.9%']"
Varus,"['Seraphine', '43.0%']","['Yasuo', '45.9%']","['Twitch', '48.3%']","['Nilah', '48.4%']","['Ezreal', '48.5%']","['Jinx', '48.6%']"
Nilah,"['Seraphine', '45.8%']","['Swain', '45.9%']","['Sivir', '47.3%']","['Vayne', '47.7%']","['Miss Fortune', '47.7%']","[""Kog'Maw"", '47.9%']"
Zac,"['Udyr', '45.5%']","['Trundle', '46.6%']","['Ivern', '46.7%']","['Taliyah', '46.8%']","['Talon', '47.2%']","['Rengar', '47.7%']"
Milio,"['Blitzcrank', '45.8%']","['Braum', '47.5%']","['Maokai', '47.7%']","['Senna', '48.0%']","['Rakan', '48.0%']","[""Vel'Koz"", '48.5%']"
Zed,"['Akshan', '44.4%']","['Sylas', '44.9%']","['Anivia', '45.1%']","['Malphite', '45.8%']","['Qiyana', '45.9%']","['Ziggs', '46.3%']"
Annie,"['Qiyana', '42.8%']","['Galio', '45.2%']","['Talon', '45.2%']","['Tristana', '45.6%']","['Swain', '46.2%']","['Sylas', '47.2%']"
Neeko,"['Sona', '40.9%']","[""Vel'Koz"", '43.0%']","['Shaco', '43.3%']","['Seraphine', '46.6%']","['Leona', '46.9%']","['Zilean', '47.2%']"
Ashe,"['Seraphine', '45.7%']","['Ziggs', '49.0%']","['Nilah', '49.2%']","['Twitch', '49.5%']","['Tristana', '49.6%']","['Kalista', '50.0%']"
Braum,"['Neeko', '44.3%']","['Janna', '46.0%']","['Sona', '46.7%']","['Morgana', '46.7%']","['Rakan', '47.7%']","['Zilean', '47.8%']"
Anivia,"['Swain', '45.7%']","['Talon', '46.9%']","[""Vel'Koz"", '47.3%']","['Xerath', '47.6%']","['Aurelion Sol', '47.6%']","['Katarina', '47.9%']"
Volibear,"['Quinn', '43.3%']","['Kayle', '44.2%']","['Olaf', '45.0%']","['Kled', '45.7%']","['Kennen', '46.0%']","['Rengar', '46.2%']"
Karthus,"['Evelynn', '44.7%']","['Ivern', '45.8%']","[""Bel'Veth"", '45.9%']","['Talon', '46.6%']","['Nunu & Willump', '47.3%']","['Nidalee', '47.5%']"
Hecarim,"[""Rek'Sai"", '45.0%']","['Evelynn', '45.9%']","['Gragas', '46.7%']","['Kindred', '46.8%']","['Ivern', '46.9%']","['Master Yi', '47.7%']"
Rammus,"['Shaco', '46.4%']","['Karthus', '48.2%']","['Lillia', '48.3%']","['Trundle', '48.9%']","['Evelynn', '49.8%']","['Talon', '49.9%']"
Orianna,"['Aurelion Sol', '47.0%']","['Talon', '47.4%']","['Swain', '47.4%']","['Anivia', '47.9%']","['Xerath', '47.9%']","['Qiyana', '48.3%']"
Talon,"['Swain', '44.2%']","['Akshan', '45.4%']","['Taliyah', '46.6%']","['Neeko', '46.7%']","['Malphite', '47.7%']","['Lissandra', '48.8%']"
Pantheon,"['Yorick', '42.5%']","['Malphite', '43.3%']","['Singed', '44.9%']","['Kayle', '45.0%']","['Vladimir', '45.2%']","['Olaf', '45.5%']"
Urgot,"['Kayle', '45.6%']","['Gragas', '45.6%']","['Ornn', '45.7%']","['Quinn', '45.9%']","['Malphite', '46.0%']","['Kled', '46.3%']"
Kha'Zix,"['Nidalee', '47.8%']","['Shaco', '47.9%']","['Rengar', '48.0%']","[""Bel'Veth"", '48.0%']","['Fiddlesticks', '48.0%']","['Rammus', '48.3%']"
Caitlyn,"['Seraphine', '46.5%']","['Yasuo', '47.7%']","['Vayne', '48.1%']","['Jhin', '48.2%']","['Twitch', '48.3%']","['Ashe', '48.4%']"
Tristana,"[""Kog'Maw"", '44.4%']","['Nilah', '48.0%']","['Vayne', '48.3%']","['Draven', '49.0%']","['Jinx', '49.0%']","['Lucian', '49.5%']"
LeBlanc,"['Naafiri', '41.6%']","['Akshan', '43.9%']","['Malzahar', '45.0%']","['Vex', '45.0%']","['Kassadin', '45.3%']","['Anivia', '45.4%']"
Garen,"['Camille', '44.1%']","['Kayle', '45.2%']","['Vayne', '45.8%']","['Tryndamere', '46.2%']","['Olaf', '46.8%']","['Singed', '47.6%']"
Pyke,"['Maokai', '46.4%']","['Rakan', '46.8%']","['Sylas', '47.2%']","['Taric', '47.2%']","['Blitzcrank', '47.7%']","['Alistar', '47.9%']"
Udyr,"['Ivern', '42.2%']","['Sylas', '45.9%']","['Vi', '46.4%']","['Talon', '46.9%']","['Gragas', '46.9%']","['Master Yi', '46.9%']"
Malzahar,"['Naafiri', '45.5%']","['Fizz', '45.8%']","['Anivia', '46.1%']","['Akshan', '46.6%']","['Swain', '46.7%']","['Brand', '47.1%']"
Kennen,"['Vladimir', '41.5%']","['Nasus', '42.2%']","['Ornn', '42.9%']","['Kled', '43.0%']","['Dr. Mundo', '43.4%']","['Olaf', '44.2%']"
Rek'Sai,"['Trundle', '34.7%']","['Shyvana', '44.3%']","['Karthus', '45.3%']","['Amumu', '46.4%']","['Fiddlesticks', '47.1%']","['Nunu & Willump', '47.9%']"
Heimerdinger,"['Sona', '43.2%']","['Xerath', '44.4%']","['Janna', '44.6%']","['Maokai', '44.8%']","['Rell', '45.9%']","['Taric', '46.2%']"
Bard,"['Renata Glasc', '48.1%']","['Morgana', '48.5%']","['Janna', '48.6%']","['Milio', '48.7%']","['Brand', '48.9%']","['Blitzcrank', '49.1%']"
Gangplank,"['Kayle', '43.7%']","['Quinn', '44.4%']","['Tryndamere', '45.1%']","['Vladimir', '45.8%']","['Ornn', '45.8%']","['Rengar', '45.9%']"
Nunu & Willump,"['Brand', '45.0%']","['Ivern', '45.8%']","['Master Yi', '47.7%']","['Elise', '47.9%']","['Kayn', '48.1%']","[""Kha'Zix"", '48.1%']"
Zeri,"['Seraphine', '38.2%']","[""Kog'Maw"", '39.2%']","['Vayne', '43.5%']","['Draven', '44.3%']","['Lucian', '45.2%']","['Twitch', '45.7%']"
Yorick,"['Warwick', '39.0%']","['Zac', '39.6%']","['Tryndamere', '41.5%']","['Urgot', '41.6%']","['Irelia', '41.9%']","['Camille', '42.7%']"
Jax,"['Illaoi', '45.6%']","['Singed', '46.1%']","['Dr. Mundo', '46.4%']","['Rengar', '46.6%']","['Zac', '46.7%']","['Garen', '46.7%']"
Hwei,"['Fizz', '32.6%']","['Talon', '32.7%']","[""Vel'Koz"", '33.0%']","['Ekko', '33.2%']","['Kassadin', '33.4%']","['Twisted Fate', '33.6%']"
Lillia,"['Talon', '43.4%']","['Ivern', '44.5%']","[""Rek'Sai"", '45.0%']","['Kindred', '45.0%']","['Evelynn', '46.0%']","['Briar', '46.2%']"
Jinx,"['Seraphine', '45.5%']","['Twitch', '47.5%']","['Ziggs', '48.0%']","[""Kog'Maw"", '49.0%']","['Vayne', '49.3%']","['Ezreal', '49.6%']"
Briar,"['Trundle', '48.3%']","['Talon', '48.3%']","['Nocturne', '48.7%']","['Taliyah', '48.8%']","['Rammus', '48.9%']","['Xin Zhao', '48.9%']"
Leona,"['Taric', '44.1%']","['Bard', '47.6%']","['Shaco', '47.7%']","['Janna', '47.9%']","[""Vel'Koz"", '48.0%']","['Soraka', '48.4%']"
Alistar,"['Morgana', '45.0%']","['Soraka', '45.7%']","['Zilean', '46.0%']","['Senna', '46.3%']","['Janna', '46.4%']","['Xerath', '47.3%']"
Aatrox,"['Vayne', '45.2%']","['Singed', '45.2%']","['Riven', '47.1%']","['Warwick', '47.4%']","['Irelia', '47.5%']","['Kayle', '47.9%']"
Malphite,"['Sylas', '43.7%']","['Dr. Mundo', '45.3%']","['Tahm Kench', '45.4%']","['Ornn', '46.2%']","['Shen', '47.1%']","[""Cho'Gath"", '47.2%']"
Nasus,"['Sylas', '44.7%']","['Tahm Kench', '46.0%']","['Olaf', '47.1%']","['Shen', '48.1%']","['Illaoi', '48.1%']","['Rumble', '48.3%']"
Samira,"['Nilah', '45.4%']","['Seraphine', '46.7%']","['Ziggs', '47.4%']","['Jinx', '47.8%']","[""Kog'Maw"", '48.1%']","['Xayah', '48.2%']"
Ahri,"['Brand', '45.1%']","['Aurelion Sol', '46.1%']","['Talon', '46.4%']","['Annie', '46.8%']","['Akshan', '46.9%']","['Neeko', '47.1%']"
Miss Fortune,"['Jhin', '48.2%']","['Twitch', '48.3%']","[""Kog'Maw"", '48.8%']","['Yasuo', '48.9%']","['Ziggs', '49.1%']","['Ashe', '49.2%']"
Swain,"['Soraka', '43.3%']","[""Vel'Koz"", '43.8%']","['Neeko', '44.6%']","['Milio', '45.0%']","['Senna', '45.4%']","['Janna', '45.5%']"
Lee Sin,"['Ivern', '46.0%']","['Lillia', '46.4%']","['Rammus', '46.7%']","['Gragas', '47.5%']","['Nocturne', '47.6%']","['Shaco', '47.7%']"
Fiora,"['Rengar', '45.8%']","['Riven', '46.7%']","['Vayne', '46.8%']","['Urgot', '47.2%']","['Volibear', '48.3%']","['Warwick', '48.3%']"
Jhin,"['Seraphine', '47.5%']","['Vayne', '48.1%']","['Twitch', '48.9%']","['Draven', '49.7%']","['Yasuo', '50.0%']","['Kalista', '50.5%']"
Amumu,"['Zac', '44.3%']","['Ivern', '44.4%']","['Xin Zhao', '45.1%']","['Lillia', '45.9%']","['Graves', '46.6%']","['Rengar', '46.7%']"
Illaoi,"['Varus', '43.8%']","['Mordekaiser', '45.8%']","['Poppy', '46.1%']","['Gwen', '46.4%']","['Warwick', '47.0%']","['Yorick', '47.1%']"
K'Sante,"['Garen', '44.9%']","['Camille', '45.7%']","['Gwen', '45.8%']","['Fiora', '46.7%']","['Kayle', '46.9%']","['Singed', '46.9%']"
Ekko,"['Evelynn', '45.8%']","['Maokai', '47.3%']","[""Rek'Sai"", '47.4%']","['Kindred', '47.7%']","['Master Yi', '48.6%']","['Shaco', '48.6%']"
Aurelion Sol,"['Fizz', '44.0%']","['Qiyana', '44.3%']","['Talon', '46.3%']","['Irelia', '46.6%']","['Taliyah', '46.9%']","['Akshan', '47.5%']"